Perfect,Josef Bichler,,,"Strubergasse 10, 5020 Salzburg, Österreich",78
Perfect,Josef Bichler,,,"Mühlengasse 31, 5121 Ostermiething, Österreich",78
Perfect,Josef Bichler,,,"Hernalser Hauptstraße 45, 1170 Wien, Österreich",78
Perfect,Josef Bichler,,,"Birkenweg 12, 83395 Freilassing, Deutschland",78
Perfect,Maria Bichler,,,"Strubergasse 10, 5020 Salzburg, Österreich",78
Perfect,Maria Bichler,,,"Mühlengasse 31, 5121 Ostermiething, Österreich",78
Perfect,Maria Bichler,,,"Hernalser Hauptstraße 45, 1170 Wien, Österreich",78
Perfect,Maria Bichler,,,"Birkenweg 12, 83395 Freilassing, Deutschland",78
Perfect,Ali Yilmaz,,,"Strubergasse 10, 5020 Salzburg, Österreich",78
Perfect,Ali Yilmaz,,,"Mühlengasse 31, 5121 Ostermiething, Österreich",78
Perfect,Ali Yilmaz,,,"Hernalser Hauptstraße 45, 1170 Wien, Österreich",75
Perfect,Ali Yilmaz,,,"Birkenweg 12, 83395 Freilassing, Deutschland",78
Perfect,Fatma Yilmaz,,,"Strubergasse 10, 5020 Salzburg, Österreich",78
Perfect,Fatma Yilmaz,,,"Mühlengasse 31, 5121 Ostermiething, Österreich",78
Perfect,Fatma Yilmaz,,,"Hernalser Hauptstraße 45, 1170 Wien, Österreich",78
Perfect,Fatma Yilmaz,,,"Birkenweg 12, 83395 Freilassing, Deutschland",78
Perfect,Thomas Müller,,,"Strubergasse 10, 5020 Salzburg, Österreich",78
Perfect,Thomas Müller,,,"Mühlengasse 31, 5121 Ostermiething, Österreich",75
Perfect,Thomas Müller,,,"Hernalser Hauptstraße 45, 1170 Wien, Österreich",75
Perfect,Thomas Müller,,,"Birkenweg 12, 83395 Freilassing, Deutschland",78
Perfect,Sarah Müller,,,"Strubergasse 10, 5020 Salzburg, Österreich",75
Perfect,Sarah Müller,,,"Mühlengasse 31, 5121 Ostermiething, Österreich",75
Perfect,Sarah Müller,,,"Hernalser Hauptstraße 45, 1170 Wien, Österreich",75
Perfect,Sarah Müller,,,"Birkenweg 12, 83395 Freilassing, Deutschland",78
Perfect,Burak Yildiz,,,"Strubergasse 10, 5020 Salzburg, Österreich",78
Perfect,Burak Yildiz,,,"Mühlengasse 31, 5121 Ostermiething, Österreich",78
Perfect,Burak Yildiz,,,"Hernalser Hauptstraße 45, 1170 Wien, Österreich",78
Perfect,Burak Yildiz,,,"Birkenweg 12, 83395 Freilassing, Deutschland",78
Perfect,Ayse Demir,,,"Strubergasse 10, 5020 Salzburg, Österreich",78
Perfect,Ayse Demir,,,"Mühlengasse 31, 5121 Ostermiething, Österreich",78
Perfect,Ayse Demir,,,"Hernalser Hauptstraße 45, 1170 Wien, Österreich",78
Perfect,Ayse Demir,,,"Birkenweg 12, 83395 Freilassing, Deutschland",78
Borderline,Josef Bichler,,,"Strubergasse 10, 5020 Salzburg, Österreich",45
Borderline,Josef Bichler,,,"Mühlengasse 31, 5121 Ostermiething, Österreich",65
Borderline,Josef Bichler,,,"Hernalser Hauptstraße 45, 1170 Wien, Österreich",45
Borderline,Josef Bichler,,,"Birkenweg 12, 83395 Freilassing, Deutschland",45
Borderline,Maria Bichler,,,"Strubergasse 10, 5020 Salzburg, Österreich",65
Borderline,Maria Bichler,,,"Mühlengasse 31, 5121 Ostermiething, Österreich",65
Borderline,Maria Bichler,,,"Hernalser Hauptstraße 45, 1170 Wien, Österreich",45
Borderline,Maria Bichler,,,"Birkenweg 12, 83395 Freilassing, Deutschland",45
Borderline,Ali Yilmaz,,,"Strubergasse 10, 5020 Salzburg, Österreich",65
Borderline,Ali Yilmaz,,,"Mühlengasse 31, 5121 Ostermiething, Österreich",65
Borderline,Ali Yilmaz,,,"Hernalser Hauptstraße 45, 1170 Wien, Österreich",65
Borderline,Ali Yilmaz,,,"Birkenweg 12, 83395 Freilassing, Deutschland",45
Borderline,Fatma Yilmaz,,,"Strubergasse 10, 5020 Salzburg, Österreich",65
Borderline,Fatma Yilmaz,,,"Mühlengasse 31, 5121 Ostermiething, Österreich",65
Borderline,Fatma Yilmaz,,,"Hernalser Hauptstraße 45, 1170 Wien, Österreich",65
Borderline,Fatma Yilmaz,,,"Birkenweg 12, 83395 Freilassing, Deutschland",65
Borderline,Thomas Müller,,,"Strubergasse 10, 5020 Salzburg, Österreich",45
Borderline,Thomas Müller,,,"Mühlengasse 31, 5121 Ostermiething, Österreich",45
Borderline,Thomas Müller,,,"Hernalser Hauptstraße 45, 1170 Wien, Österreich",45
Borderline,Thomas Müller,,,"Birkenweg 12, 83395 Freilassing, Deutschland",45
Borderline,Sarah Müller,,,"Strubergasse 10, 5020 Salzburg, Österreich",65
Borderline,Sarah Müller,,,"Mühlengasse 31, 5121 Ostermiething, Österreich",65
Borderline,Sarah Müller,,,"Hernalser Hauptstraße 45, 1170 Wien, Österreich",45
Borderline,Sarah Müller,,,"Birkenweg 12, 83395 Freilassing, Deutschland",45
Borderline,Burak Yildiz,,,"Strubergasse 10, 5020 Salzburg, Österreich",45
Borderline,Burak Yildiz,,,"Mühlengasse 31, 5121 Ostermiething, Österreich",65
Borderline,Burak Yildiz,,,"Hernalser Hauptstraße 45, 1170 Wien, Österreich",45
Borderline,Burak Yildiz,,,"Birkenweg 12, 83395 Freilassing, Deutschland",45
Borderline,Ayse Demir,,,"Strubergasse 10, 5020 Salzburg, Österreich",45
Borderline,Ayse Demir,,,"Mühlengasse 31, 5121 Ostermiething, Österreich",65
Borderline,Ayse Demir,,,"Hernalser Hauptstraße 45, 1170 Wien, Österreich",45
Borderline,Ayse Demir,,,"Birkenweg 12, 83395 Freilassing, Deutschland",45
