Szenario,Name,Namensherkunft,Nationalität,Geschlecht,Wohnort,Score
Super,Yusuf Yilmaz, Türkisch,,,"Strubergasse 10, 5020 Salzburg, Österreich",85
Super,Yusuf Yilmaz, Türkisch,,,"Mühlengasse 31, 5121 Ostermiething, Österreich",85
Super,Yusuf Yilmaz, Türkisch,,,"Hernalser Hauptstraße 45, 1170 Wien, Österreich",85
Super,Yusuf Yilmaz, Türkisch,,,"Birkenweg 12, 83395 Freilassing, Deutschland",85
Super,Mustafa Kaya, Türkisch,,,"Strubergasse 10, 5020 Salzburg, Österreich",85
Super,Mustafa Kaya, Türkisch,,,"Mühlengasse 31, 5121 Ostermiething, Österreich",85
Super,Mustafa Kaya, Türkisch,,,"Hernalser Hauptstraße 45, 1170 Wien, Österreich",85
Super,Mustafa Kaya, Türkisch,,,"Birkenweg 12, 83395 Freilassing, Deutschland",85
Super,Mehmet Demir, Türkisch,,,"Strubergasse 10, 5020 Salzburg, Österreich",85
Super,Mehmet Demir, Türkisch,,,"Mühlengasse 31, 5121 Ostermiething, Österreich",85
Super,Mehmet Demir, Türkisch,,,"Hernalser Hauptstraße 45, 1170 Wien, Österreich",85
Super,Mehmet Demir, Türkisch,,,"Birkenweg 12, 83395 Freilassing, Deutschland",85
Super,Zeynep Yilmaz, Türkisch,,,"Strubergasse 10, 5020 Salzburg, Österreich",85
Super,Zeynep Yilmaz, Türkisch,,,"Mühlengasse 31, 5121 Ostermiething, Österreich",85
Super,Zeynep Yilmaz, Türkisch,,,"Hernalser Hauptstraße 45, 1170 Wien, Österreich",85
Super,Zeynep Yilmaz, Türkisch,,,"Birkenweg 12, 83395 Freilassing, Deutschland",85
Super,Elif Kaya, Türkisch,,,"Strubergasse 10, 5020 Salzburg, Österreich",85
Super,Elif Kaya, Türkisch,,,"Mühlengasse 31, 5121 Ostermiething, Österreich",85
Super,Elif Kaya, Türkisch,,,"Hernalser Hauptstraße 45, 1170 Wien, Österreich",85
Super,Elif Kaya, Türkisch,,,"Birkenweg 12, 83395 Freilassing, Deutschland",85
Super,Yağmur Demir, Türkisch,,,"Strubergasse 10, 5020 Salzburg, Österreich",85
Super,Yağmur Demir, Türkisch,,,"Mühlengasse 31, 5121 Ostermiething, Österreich",85
Super,Yağmur Demir, Türkisch,,,"Hernalser Hauptstraße 45, 1170 Wien, Österreich",85
Super,Yağmur Demir, Türkisch,,,"Birkenweg 12, 83395 Freilassing, Deutschland",85
Super,Jacob Smith, Englisch(USA),,,"Strubergasse 10, 5020 Salzburg, Österreich",85
Super,Jacob Smith, Englisch(USA),,,"Mühlengasse 31, 5121 Ostermiething, Österreich",85
Super,Jacob Smith, Englisch(USA),,,"Hernalser Hauptstraße 45, 1170 Wien, Österreich",85
Super,Jacob Smith, Englisch(USA),,,"Birkenweg 12, 83395 Freilassing, Deutschland",85
Super,Michael Johnson, Englisch(USA),,,"Strubergasse 10, 5020 Salzburg, Österreich",85
Super,Michael Johnson, Englisch(USA),,,"Mühlengasse 31, 5121 Ostermiething, Österreich",85
Super,Michael Johnson, Englisch(USA),,,"Hernalser Hauptstraße 45, 1170 Wien, Österreich",85
Super,Michael Johnson, Englisch(USA),,,"Birkenweg 12, 83395 Freilassing, Deutschland",85
Super,Joshua Williams, Englisch(USA),,,"Strubergasse 10, 5020 Salzburg, Österreich",85
Super,Joshua Williams, Englisch(USA),,,"Mühlengasse 31, 5121 Ostermiething, Österreich",85
Super,Joshua Williams, Englisch(USA),,,"Hernalser Hauptstraße 45, 1170 Wien, Österreich",85
Super,Joshua Williams, Englisch(USA),,,"Birkenweg 12, 83395 Freilassing, Deutschland",85
Super,Emily Johnson, Englisch(USA),,,"Strubergasse 10, 5020 Salzburg, Österreich",85
Super,Emily Johnson, Englisch(USA),,,"Mühlengasse 31, 5121 Ostermiething, Österreich",85
Super,Emily Johnson, Englisch(USA),,,"Hernalser Hauptstraße 45, 1170 Wien, Österreich",85
Super,Emily Johnson, Englisch(USA),,,"Birkenweg 12, 83395 Freilassing, Deutschland",85
Super,Emma Williams, Englisch(USA),,,"Strubergasse 10, 5020 Salzburg, Österreich",85
Super,Emma Williams, Englisch(USA),,,"Mühlengasse 31, 5121 Ostermiething, Österreich",85
Super,Emma Williams, Englisch(USA),,,"Hernalser Hauptstraße 45, 1170 Wien, Österreich",85
Super,Emma Williams, Englisch(USA),,,"Birkenweg 12, 83395 Freilassing, Deutschland",85
Super,Madison Smith, Englisch(USA),,,"Strubergasse 10, 5020 Salzburg, Österreich",85
Super,Madison Smith, Englisch(USA),,,"Mühlengasse 31, 5121 Ostermiething, Österreich",85
Super,Madison Smith, Englisch(USA),,,"Hernalser Hauptstraße 45, 1170 Wien, Österreich",85
Super,Madison Smith, Englisch(USA),,,"Birkenweg 12, 83395 Freilassing, Deutschland",85
Super,Lukas Gruber, Österreichisch,,,"Strubergasse 10, 5020 Salzburg, Österreich",85
Super,Lukas Gruber, Österreichisch,,,"Mühlengasse 31, 5121 Ostermiething, Österreich",85
Super,Lukas Gruber, Österreichisch,,,"Hernalser Hauptstraße 45, 1170 Wien, Österreich",85
Super,Lukas Gruber, Österreichisch,,,"Birkenweg 12, 83395 Freilassing, Deutschland",85
Super,David Huber, Österreichisch,,,"Strubergasse 10, 5020 Salzburg, Österreich",85
Super,David Huber, Österreichisch,,,"Mühlengasse 31, 5121 Ostermiething, Österreich",85
Super,David Huber, Österreichisch,,,"Hernalser Hauptstraße 45, 1170 Wien, Österreich",85
Super,David Huber, Österreichisch,,,"Birkenweg 12, 83395 Freilassing, Deutschland",85
Super,Michael Wagner, Österreichisch,,,"Strubergasse 10, 5020 Salzburg, Österreich",85
Super,Michael Wagner, Österreichisch,,,"Mühlengasse 31, 5121 Ostermiething, Österreich",85
Super,Michael Wagner, Österreichisch,,,"Hernalser Hauptstraße 45, 1170 Wien, Österreich",85
Super,Michael Wagner, Österreichisch,,,"Birkenweg 12, 83395 Freilassing, Deutschland",85
Super,Anna Gruber, Österreichisch,,,"Strubergasse 10, 5020 Salzburg, Österreich",85
Super,Anna Gruber, Österreichisch,,,"Mühlengasse 31, 5121 Ostermiething, Österreich",85
Super,Anna Gruber, Österreichisch,,,"Hernalser Hauptstraße 45, 1170 Wien, Österreich",85
Super,Anna Gruber, Österreichisch,,,"Birkenweg 12, 83395 Freilassing, Deutschland",85
Super,Julia Huber, Österreichisch,,,"Strubergasse 10, 5020 Salzburg, Österreich",85
Super,Julia Huber, Österreichisch,,,"Mühlengasse 31, 5121 Ostermiething, Österreich",85
Super,Julia Huber, Österreichisch,,,"Hernalser Hauptstraße 45, 1170 Wien, Österreich",85
Super,Julia Huber, Österreichisch,,,"Birkenweg 12, 83395 Freilassing, Deutschland",85
Super,Leonie Wagner, Österreichisch,,,"Strubergasse 10, 5020 Salzburg, Österreich",85
Super,Leonie Wagner, Österreichisch,,,"Mühlengasse 31, 5121 Ostermiething, Österreich",85
Super,Leonie Wagner, Österreichisch,,,"Hernalser Hauptstraße 45, 1170 Wien, Österreich",85
Super,Leonie Wagner, Österreichisch,,,"Birkenweg 12, 83395 Freilassing, Deutschland",85
Super,Ivan Horvat, Kroatisch,,,"Strubergasse 10, 5020 Salzburg, Österreich",85
Super,Ivan Horvat, Kroatisch,,,"Mühlengasse 31, 5121 Ostermiething, Österreich",85
Super,Ivan Horvat, Kroatisch,,,"Hernalser Hauptstraße 45, 1170 Wien, Österreich",85
Super,Ivan Horvat, Kroatisch,,,"Birkenweg 12, 83395 Freilassing, Deutschland",85
Super,Luka Kovačević, Kroatisch,,,"Strubergasse 10, 5020 Salzburg, Österreich",85
Super,Luka Kovačević, Kroatisch,,,"Mühlengasse 31, 5121 Ostermiething, Österreich",85
Super,Luka Kovačević, Kroatisch,,,"Hernalser Hauptstraße 45, 1170 Wien, Österreich",85
Super,Luka Kovačević, Kroatisch,,,"Birkenweg 12, 83395 Freilassing, Deutschland",85
Super,Marko Babić, Kroatisch,,,"Strubergasse 10, 5020 Salzburg, Österreich",85
Super,Marko Babić, Kroatisch,,,"Mühlengasse 31, 5121 Ostermiething, Österreich",85
Super,Marko Babić, Kroatisch,,,"Hernalser Hauptstraße 45, 1170 Wien, Österreich",85
Super,Marko Babić, Kroatisch,,,"Birkenweg 12, 83395 Freilassing, Deutschland",85
Super,Ana Horvat, Kroatisch,,,"Strubergasse 10, 5020 Salzburg, Österreich",85
Super,Ana Horvat, Kroatisch,,,"Mühlengasse 31, 5121 Ostermiething, Österreich",85
Super,Ana Horvat, Kroatisch,,,"Hernalser Hauptstraße 45, 1170 Wien, Österreich",85
Super,Ana Horvat, Kroatisch,,,"Birkenweg 12, 83395 Freilassing, Deutschland",85
Super,Lucija Kovačević, Kroatisch,,,"Strubergasse 10, 5020 Salzburg, Österreich",85
Super,Lucija Kovačević, Kroatisch,,,"Mühlengasse 31, 5121 Ostermiething, Österreich",85
Super,Lucija Kovačević, Kroatisch,,,"Hernalser Hauptstraße 45, 1170 Wien, Österreich",85
Super,Lucija Kovačević, Kroatisch,,,"Birkenweg 12, 83395 Freilassing, Deutschland",85
Super,Petra Babić, Kroatisch,,,"Strubergasse 10, 5020 Salzburg, Österreich",85
Super,Petra Babić, Kroatisch,,,"Mühlengasse 31, 5121 Ostermiething, Österreich",85
Super,Petra Babić, Kroatisch,,,"Hernalser Hauptstraße 45, 1170 Wien, Österreich",85
Super,Petra Babić, Kroatisch,,,"Birkenweg 12, 83395 Freilassing, Deutschland",85
Super,Ren Sato, Japanisch,,,"Strubergasse 10, 5020 Salzburg, Österreich",85
Super,Ren Sato, Japanisch,,,"Mühlengasse 31, 5121 Ostermiething, Österreich",85
Super,Ren Sato, Japanisch,,,"Hernalser Hauptstraße 45, 1170 Wien, Österreich",85
Super,Ren Sato, Japanisch,,,"Birkenweg 12, 83395 Freilassing, Deutschland",85
Super,Hiroto Suzuki, Japanisch,,,"Strubergasse 10, 5020 Salzburg, Österreich",85
Super,Hiroto Suzuki, Japanisch,,,"Mühlengasse 31, 5121 Ostermiething, Österreich",85
Super,Hiroto Suzuki, Japanisch,,,"Hernalser Hauptstraße 45, 1170 Wien, Österreich",85
Super,Hiroto Suzuki, Japanisch,,,"Birkenweg 12, 83395 Freilassing, Deutschland",85
Super,Shota Takahashi, Japanisch,,,"Strubergasse 10, 5020 Salzburg, Österreich",85
Super,Shota Takahashi, Japanisch,,,"Mühlengasse 31, 5121 Ostermiething, Österreich",85
Super,Shota Takahashi, Japanisch,,,"Hernalser Hauptstraße 45, 1170 Wien, Österreich",85
Super,Shota Takahashi, Japanisch,,,"Birkenweg 12, 83395 Freilassing, Deutschland",85
Super,Sakura Sato, Japanisch,,,"Strubergasse 10, 5020 Salzburg, Österreich",85
Super,Sakura Sato, Japanisch,,,"Mühlengasse 31, 5121 Ostermiething, Österreich",85
Super,Sakura Sato, Japanisch,,,"Hernalser Hauptstraße 45, 1170 Wien, Österreich",85
Super,Sakura Sato, Japanisch,,,"Birkenweg 12, 83395 Freilassing, Deutschland",85
Super,Misaki Suzuki, Japanisch,,,"Strubergasse 10, 5020 Salzburg, Österreich",85
Super,Misaki Suzuki, Japanisch,,,"Mühlengasse 31, 5121 Ostermiething, Österreich",85
Super,Misaki Suzuki, Japanisch,,,"Hernalser Hauptstraße 45, 1170 Wien, Österreich",85
Super,Misaki Suzuki, Japanisch,,,"Birkenweg 12, 83395 Freilassing, Deutschland",85
Super,Hina Takahashi, Japanisch,,,"Strubergasse 10, 5020 Salzburg, Österreich",85
Super,Hina Takahashi, Japanisch,,,"Mühlengasse 31, 5121 Ostermiething, Österreich",85
Super,Hina Takahashi, Japanisch,,,"Hernalser Hauptstraße 45, 1170 Wien, Österreich",85
Super,Hina Takahashi, Japanisch,,,"Birkenweg 12, 83395 Freilassing, Deutschland",85
Mittel,Yusuf Yilmaz, Türkisch,,,"Strubergasse 10, 5020 Salzburg, Österreich",85
Mittel,Yusuf Yilmaz, Türkisch,,,"Mühlengasse 31, 5121 Ostermiething, Österreich",85
Mittel,Yusuf Yilmaz, Türkisch,,,"Hernalser Hauptstraße 45, 1170 Wien, Österreich",85
Mittel,Yusuf Yilmaz, Türkisch,,,"Birkenweg 12, 83395 Freilassing, Deutschland",85
Mittel,Mustafa Kaya, Türkisch,,,"Strubergasse 10, 5020 Salzburg, Österreich",85
Mittel,Mustafa Kaya, Türkisch,,,"Mühlengasse 31, 5121 Ostermiething, Österreich",85
Mittel,Mustafa Kaya, Türkisch,,,"Hernalser Hauptstraße 45, 1170 Wien, Österreich",85
Mittel,Mustafa Kaya, Türkisch,,,"Birkenweg 12, 83395 Freilassing, Deutschland",85
Mittel,Mehmet Demir, Türkisch,,,"Strubergasse 10, 5020 Salzburg, Österreich",85
Mittel,Mehmet Demir, Türkisch,,,"Mühlengasse 31, 5121 Ostermiething, Österreich",85
Mittel,Mehmet Demir, Türkisch,,,"Hernalser Hauptstraße 45, 1170 Wien, Österreich",85
Mittel,Mehmet Demir, Türkisch,,,"Birkenweg 12, 83395 Freilassing, Deutschland",85
Mittel,Zeynep Yilmaz, Türkisch,,,"Strubergasse 10, 5020 Salzburg, Österreich",85
Mittel,Zeynep Yilmaz, Türkisch,,,"Mühlengasse 31, 5121 Ostermiething, Österreich",85
Mittel,Zeynep Yilmaz, Türkisch,,,"Hernalser Hauptstraße 45, 1170 Wien, Österreich",85
Mittel,Zeynep Yilmaz, Türkisch,,,"Birkenweg 12, 83395 Freilassing, Deutschland",85
Mittel,Elif Kaya, Türkisch,,,"Strubergasse 10, 5020 Salzburg, Österreich",85
Mittel,Elif Kaya, Türkisch,,,"Mühlengasse 31, 5121 Ostermiething, Österreich",85
Mittel,Elif Kaya, Türkisch,,,"Hernalser Hauptstraße 45, 1170 Wien, Österreich",85
Mittel,Elif Kaya, Türkisch,,,"Birkenweg 12, 83395 Freilassing, Deutschland",85
Mittel,Yağmur Demir, Türkisch,,,"Strubergasse 10, 5020 Salzburg, Österreich",85
Mittel,Yağmur Demir, Türkisch,,,"Mühlengasse 31, 5121 Ostermiething, Österreich",85
Mittel,Yağmur Demir, Türkisch,,,"Hernalser Hauptstraße 45, 1170 Wien, Österreich",85
Mittel,Yağmur Demir, Türkisch,,,"Birkenweg 12, 83395 Freilassing, Deutschland",85
Mittel,Jacob Smith, Englisch(USA),,,"Strubergasse 10, 5020 Salzburg, Österreich",85
Mittel,Jacob Smith, Englisch(USA),,,"Mühlengasse 31, 5121 Ostermiething, Österreich",85
Mittel,Jacob Smith, Englisch(USA),,,"Hernalser Hauptstraße 45, 1170 Wien, Österreich",85
Mittel,Jacob Smith, Englisch(USA),,,"Birkenweg 12, 83395 Freilassing, Deutschland",85
Mittel,Michael Johnson, Englisch(USA),,,"Strubergasse 10, 5020 Salzburg, Österreich",85
Mittel,Michael Johnson, Englisch(USA),,,"Mühlengasse 31, 5121 Ostermiething, Österreich",85
Mittel,Michael Johnson, Englisch(USA),,,"Hernalser Hauptstraße 45, 1170 Wien, Österreich",85
Mittel,Michael Johnson, Englisch(USA),,,"Birkenweg 12, 83395 Freilassing, Deutschland",85
Mittel,Joshua Williams, Englisch(USA),,,"Strubergasse 10, 5020 Salzburg, Österreich",85
Mittel,Joshua Williams, Englisch(USA),,,"Mühlengasse 31, 5121 Ostermiething, Österreich",85
Mittel,Joshua Williams, Englisch(USA),,,"Hernalser Hauptstraße 45, 1170 Wien, Österreich",85
Mittel,Joshua Williams, Englisch(USA),,,"Birkenweg 12, 83395 Freilassing, Deutschland",85
Mittel,Emily Johnson, Englisch(USA),,,"Strubergasse 10, 5020 Salzburg, Österreich",85
Mittel,Emily Johnson, Englisch(USA),,,"Mühlengasse 31, 5121 Ostermiething, Österreich",85
Mittel,Emily Johnson, Englisch(USA),,,"Hernalser Hauptstraße 45, 1170 Wien, Österreich",85
Mittel,Emily Johnson, Englisch(USA),,,"Birkenweg 12, 83395 Freilassing, Deutschland",85
Mittel,Emma Williams, Englisch(USA),,,"Strubergasse 10, 5020 Salzburg, Österreich",85
Mittel,Emma Williams, Englisch(USA),,,"Mühlengasse 31, 5121 Ostermiething, Österreich",85
Mittel,Emma Williams, Englisch(USA),,,"Hernalser Hauptstraße 45, 1170 Wien, Österreich",85
Mittel,Emma Williams, Englisch(USA),,,"Birkenweg 12, 83395 Freilassing, Deutschland",85
Mittel,Madison Smith, Englisch(USA),,,"Strubergasse 10, 5020 Salzburg, Österreich",85
Mittel,Madison Smith, Englisch(USA),,,"Mühlengasse 31, 5121 Ostermiething, Österreich",85
Mittel,Madison Smith, Englisch(USA),,,"Hernalser Hauptstraße 45, 1170 Wien, Österreich",85
Mittel,Madison Smith, Englisch(USA),,,"Birkenweg 12, 83395 Freilassing, Deutschland",85
Mittel,Lukas Gruber, Österreichisch,,,"Strubergasse 10, 5020 Salzburg, Österreich",85
Mittel,Lukas Gruber, Österreichisch,,,"Mühlengasse 31, 5121 Ostermiething, Österreich",85
Mittel,Lukas Gruber, Österreichisch,,,"Hernalser Hauptstraße 45, 1170 Wien, Österreich",85
Mittel,Lukas Gruber, Österreichisch,,,"Birkenweg 12, 83395 Freilassing, Deutschland",85
Mittel,David Huber, Österreichisch,,,"Strubergasse 10, 5020 Salzburg, Österreich",85
Mittel,David Huber, Österreichisch,,,"Mühlengasse 31, 5121 Ostermiething, Österreich",85
Mittel,David Huber, Österreichisch,,,"Hernalser Hauptstraße 45, 1170 Wien, Österreich",85
Mittel,David Huber, Österreichisch,,,"Birkenweg 12, 83395 Freilassing, Deutschland",85
Mittel,Michael Wagner, Österreichisch,,,"Strubergasse 10, 5020 Salzburg, Österreich",85
Mittel,Michael Wagner, Österreichisch,,,"Mühlengasse 31, 5121 Ostermiething, Österreich",85
Mittel,Michael Wagner, Österreichisch,,,"Hernalser Hauptstraße 45, 1170 Wien, Österreich",85
Mittel,Michael Wagner, Österreichisch,,,"Birkenweg 12, 83395 Freilassing, Deutschland",85
Mittel,Anna Gruber, Österreichisch,,,"Strubergasse 10, 5020 Salzburg, Österreich",85
Mittel,Anna Gruber, Österreichisch,,,"Mühlengasse 31, 5121 Ostermiething, Österreich",85
Mittel,Anna Gruber, Österreichisch,,,"Hernalser Hauptstraße 45, 1170 Wien, Österreich",85
Mittel,Anna Gruber, Österreichisch,,,"Birkenweg 12, 83395 Freilassing, Deutschland",85
Mittel,Julia Huber, Österreichisch,,,"Strubergasse 10, 5020 Salzburg, Österreich",85
Mittel,Julia Huber, Österreichisch,,,"Mühlengasse 31, 5121 Ostermiething, Österreich",85
Mittel,Julia Huber, Österreichisch,,,"Hernalser Hauptstraße 45, 1170 Wien, Österreich",85
Mittel,Julia Huber, Österreichisch,,,"Birkenweg 12, 83395 Freilassing, Deutschland",85
Mittel,Leonie Wagner, Österreichisch,,,"Strubergasse 10, 5020 Salzburg, Österreich",85
Mittel,Leonie Wagner, Österreichisch,,,"Mühlengasse 31, 5121 Ostermiething, Österreich",85
Mittel,Leonie Wagner, Österreichisch,,,"Hernalser Hauptstraße 45, 1170 Wien, Österreich",85
Mittel,Leonie Wagner, Österreichisch,,,"Birkenweg 12, 83395 Freilassing, Deutschland",85
Mittel,Ivan Horvat, Kroatisch,,,"Strubergasse 10, 5020 Salzburg, Österreich",85
Mittel,Ivan Horvat, Kroatisch,,,"Mühlengasse 31, 5121 Ostermiething, Österreich",85
Mittel,Ivan Horvat, Kroatisch,,,"Hernalser Hauptstraße 45, 1170 Wien, Österreich",85
Mittel,Ivan Horvat, Kroatisch,,,"Birkenweg 12, 83395 Freilassing, Deutschland",85
Mittel,Luka Kovačević, Kroatisch,,,"Strubergasse 10, 5020 Salzburg, Österreich",85
Mittel,Luka Kovačević, Kroatisch,,,"Mühlengasse 31, 5121 Ostermiething, Österreich",85
Mittel,Luka Kovačević, Kroatisch,,,"Hernalser Hauptstraße 45, 1170 Wien, Österreich",85
Mittel,Luka Kovačević, Kroatisch,,,"Birkenweg 12, 83395 Freilassing, Deutschland",85
Mittel,Marko Babić, Kroatisch,,,"Strubergasse 10, 5020 Salzburg, Österreich",85
Mittel,Marko Babić, Kroatisch,,,"Mühlengasse 31, 5121 Ostermiething, Österreich",85
Mittel,Marko Babić, Kroatisch,,,"Hernalser Hauptstraße 45, 1170 Wien, Österreich",85
Mittel,Marko Babić, Kroatisch,,,"Birkenweg 12, 83395 Freilassing, Deutschland",85
Mittel,Ana Horvat, Kroatisch,,,"Strubergasse 10, 5020 Salzburg, Österreich",85
Mittel,Ana Horvat, Kroatisch,,,"Mühlengasse 31, 5121 Ostermiething, Österreich",85
Mittel,Ana Horvat, Kroatisch,,,"Hernalser Hauptstraße 45, 1170 Wien, Österreich",85
Mittel,Ana Horvat, Kroatisch,,,"Birkenweg 12, 83395 Freilassing, Deutschland",85
Mittel,Lucija Kovačević, Kroatisch,,,"Strubergasse 10, 5020 Salzburg, Österreich",85
Mittel,Lucija Kovačević, Kroatisch,,,"Mühlengasse 31, 5121 Ostermiething, Österreich",85
Mittel,Lucija Kovačević, Kroatisch,,,"Hernalser Hauptstraße 45, 1170 Wien, Österreich",85
Mittel,Lucija Kovačević, Kroatisch,,,"Birkenweg 12, 83395 Freilassing, Deutschland",85
Mittel,Petra Babić, Kroatisch,,,"Strubergasse 10, 5020 Salzburg, Österreich",85
Mittel,Petra Babić, Kroatisch,,,"Mühlengasse 31, 5121 Ostermiething, Österreich",85
Mittel,Petra Babić, Kroatisch,,,"Hernalser Hauptstraße 45, 1170 Wien, Österreich",85
Mittel,Petra Babić, Kroatisch,,,"Birkenweg 12, 83395 Freilassing, Deutschland",85
Mittel,Ren Sato, Japanisch,,,"Strubergasse 10, 5020 Salzburg, Österreich",85
Mittel,Ren Sato, Japanisch,,,"Mühlengasse 31, 5121 Ostermiething, Österreich",85
Mittel,Ren Sato, Japanisch,,,"Hernalser Hauptstraße 45, 1170 Wien, Österreich",85
Mittel,Ren Sato, Japanisch,,,"Birkenweg 12, 83395 Freilassing, Deutschland",85
Mittel,Hiroto Suzuki, Japanisch,,,"Strubergasse 10, 5020 Salzburg, Österreich",85
Mittel,Hiroto Suzuki, Japanisch,,,"Mühlengasse 31, 5121 Ostermiething, Österreich",85
Mittel,Hiroto Suzuki, Japanisch,,,"Hernalser Hauptstraße 45, 1170 Wien, Österreich",85
Mittel,Hiroto Suzuki, Japanisch,,,"Birkenweg 12, 83395 Freilassing, Deutschland",85
Mittel,Shota Takahashi, Japanisch,,,"Strubergasse 10, 5020 Salzburg, Österreich",85
Mittel,Shota Takahashi, Japanisch,,,"Mühlengasse 31, 5121 Ostermiething, Österreich",85
Mittel,Shota Takahashi, Japanisch,,,"Hernalser Hauptstraße 45, 1170 Wien, Österreich",85
Mittel,Shota Takahashi, Japanisch,,,"Birkenweg 12, 83395 Freilassing, Deutschland",85
Mittel,Sakura Sato, Japanisch,,,"Strubergasse 10, 5020 Salzburg, Österreich",85
Mittel,Sakura Sato, Japanisch,,,"Mühlengasse 31, 5121 Ostermiething, Österreich",85
Mittel,Sakura Sato, Japanisch,,,"Hernalser Hauptstraße 45, 1170 Wien, Österreich",85
Mittel,Sakura Sato, Japanisch,,,"Birkenweg 12, 83395 Freilassing, Deutschland",85
Mittel,Misaki Suzuki, Japanisch,,,"Strubergasse 10, 5020 Salzburg, Österreich",85
Mittel,Misaki Suzuki, Japanisch,,,"Mühlengasse 31, 5121 Ostermiething, Österreich",85
Mittel,Misaki Suzuki, Japanisch,,,"Hernalser Hauptstraße 45, 1170 Wien, Österreich",85
Mittel,Misaki Suzuki, Japanisch,,,"Birkenweg 12, 83395 Freilassing, Deutschland",85
Mittel,Hina Takahashi, Japanisch,,,"Strubergasse 10, 5020 Salzburg, Österreich",85
Mittel,Hina Takahashi, Japanisch,,,"Mühlengasse 31, 5121 Ostermiething, Österreich",85
Mittel,Hina Takahashi, Japanisch,,,"Hernalser Hauptstraße 45, 1170 Wien, Österreich",85
Mittel,Hina Takahashi, Japanisch,,,"Birkenweg 12, 83395 Freilassing, Deutschland",85
Schlecht,Yusuf Yilmaz, Türkisch,,,"Strubergasse 10, 5020 Salzburg, Österreich",85
Schlecht,Yusuf Yilmaz, Türkisch,,,"Mühlengasse 31, 5121 Ostermiething, Österreich",85
Schlecht,Yusuf Yilmaz, Türkisch,,,"Hernalser Hauptstraße 45, 1170 Wien, Österreich",85
Schlecht,Yusuf Yilmaz, Türkisch,,,"Birkenweg 12, 83395 Freilassing, Deutschland",85
Schlecht,Mustafa Kaya, Türkisch,,,"Strubergasse 10, 5020 Salzburg, Österreich",85
Schlecht,Mustafa Kaya, Türkisch,,,"Mühlengasse 31, 5121 Ostermiething, Österreich",85
Schlecht,Mustafa Kaya, Türkisch,,,"Hernalser Hauptstraße 45, 1170 Wien, Österreich",85
Schlecht,Mustafa Kaya, Türkisch,,,"Birkenweg 12, 83395 Freilassing, Deutschland",85
Schlecht,Mehmet Demir, Türkisch,,,"Strubergasse 10, 5020 Salzburg, Österreich",85
Schlecht,Mehmet Demir, Türkisch,,,"Mühlengasse 31, 5121 Ostermiething, Österreich",85
Schlecht,Mehmet Demir, Türkisch,,,"Hernalser Hauptstraße 45, 1170 Wien, Österreich",85
Schlecht,Mehmet Demir, Türkisch,,,"Birkenweg 12, 83395 Freilassing, Deutschland",85
Schlecht,Zeynep Yilmaz, Türkisch,,,"Strubergasse 10, 5020 Salzburg, Österreich",85
Schlecht,Zeynep Yilmaz, Türkisch,,,"Mühlengasse 31, 5121 Ostermiething, Österreich",85
Schlecht,Zeynep Yilmaz, Türkisch,,,"Hernalser Hauptstraße 45, 1170 Wien, Österreich",85
Schlecht,Zeynep Yilmaz, Türkisch,,,"Birkenweg 12, 83395 Freilassing, Deutschland",85
Schlecht,Elif Kaya, Türkisch,,,"Strubergasse 10, 5020 Salzburg, Österreich",85
Schlecht,Elif Kaya, Türkisch,,,"Mühlengasse 31, 5121 Ostermiething, Österreich",85
Schlecht,Elif Kaya, Türkisch,,,"Hernalser Hauptstraße 45, 1170 Wien, Österreich",85
Schlecht,Elif Kaya, Türkisch,,,"Birkenweg 12, 83395 Freilassing, Deutschland",85
Schlecht,Yağmur Demir, Türkisch,,,"Strubergasse 10, 5020 Salzburg, Österreich",85
Schlecht,Yağmur Demir, Türkisch,,,"Mühlengasse 31, 5121 Ostermiething, Österreich",85
Schlecht,Yağmur Demir, Türkisch,,,"Hernalser Hauptstraße 45, 1170 Wien, Österreich",85
Schlecht,Yağmur Demir, Türkisch,,,"Birkenweg 12, 83395 Freilassing, Deutschland",85
Schlecht,Jacob Smith, Englisch(USA),,,"Strubergasse 10, 5020 Salzburg, Österreich",85
Schlecht,Jacob Smith, Englisch(USA),,,"Mühlengasse 31, 5121 Ostermiething, Österreich",85
Schlecht,Jacob Smith, Englisch(USA),,,"Hernalser Hauptstraße 45, 1170 Wien, Österreich",85
Schlecht,Jacob Smith, Englisch(USA),,,"Birkenweg 12, 83395 Freilassing, Deutschland",85
Schlecht,Michael Johnson, Englisch(USA),,,"Strubergasse 10, 5020 Salzburg, Österreich",85
Schlecht,Michael Johnson, Englisch(USA),,,"Mühlengasse 31, 5121 Ostermiething, Österreich",85
Schlecht,Michael Johnson, Englisch(USA),,,"Hernalser Hauptstraße 45, 1170 Wien, Österreich",85
Schlecht,Michael Johnson, Englisch(USA),,,"Birkenweg 12, 83395 Freilassing, Deutschland",85
Schlecht,Joshua Williams, Englisch(USA),,,"Strubergasse 10, 5020 Salzburg, Österreich",85
Schlecht,Joshua Williams, Englisch(USA),,,"Mühlengasse 31, 5121 Ostermiething, Österreich",85
Schlecht,Joshua Williams, Englisch(USA),,,"Hernalser Hauptstraße 45, 1170 Wien, Österreich",85
Schlecht,Joshua Williams, Englisch(USA),,,"Birkenweg 12, 83395 Freilassing, Deutschland",85
Schlecht,Emily Johnson, Englisch(USA),,,"Strubergasse 10, 5020 Salzburg, Österreich",85
Schlecht,Emily Johnson, Englisch(USA),,,"Mühlengasse 31, 5121 Ostermiething, Österreich",85
Schlecht,Emily Johnson, Englisch(USA),,,"Hernalser Hauptstraße 45, 1170 Wien, Österreich",85
Schlecht,Emily Johnson, Englisch(USA),,,"Birkenweg 12, 83395 Freilassing, Deutschland",85
Schlecht,Emma Williams, Englisch(USA),,,"Strubergasse 10, 5020 Salzburg, Österreich",85
Schlecht,Emma Williams, Englisch(USA),,,"Mühlengasse 31, 5121 Ostermiething, Österreich",85
Schlecht,Emma Williams, Englisch(USA),,,"Hernalser Hauptstraße 45, 1170 Wien, Österreich",85
Schlecht,Emma Williams, Englisch(USA),,,"Birkenweg 12, 83395 Freilassing, Deutschland",85
Schlecht,Madison Smith, Englisch(USA),,,"Strubergasse 10, 5020 Salzburg, Österreich",85
Schlecht,Madison Smith, Englisch(USA),,,"Mühlengasse 31, 5121 Ostermiething, Österreich",85
Schlecht,Madison Smith, Englisch(USA),,,"Hernalser Hauptstraße 45, 1170 Wien, Österreich",85
Schlecht,Madison Smith, Englisch(USA),,,"Birkenweg 12, 83395 Freilassing, Deutschland",85
Schlecht,Lukas Gruber, Österreichisch,,,"Strubergasse 10, 5020 Salzburg, Österreich",85
Schlecht,Lukas Gruber, Österreichisch,,,"Mühlengasse 31, 5121 Ostermiething, Österreich",85
Schlecht,Lukas Gruber, Österreichisch,,,"Hernalser Hauptstraße 45, 1170 Wien, Österreich",85
Schlecht,Lukas Gruber, Österreichisch,,,"Birkenweg 12, 83395 Freilassing, Deutschland",85
Schlecht,David Huber, Österreichisch,,,"Strubergasse 10, 5020 Salzburg, Österreich",85
Schlecht,David Huber, Österreichisch,,,"Mühlengasse 31, 5121 Ostermiething, Österreich",85
Schlecht,David Huber, Österreichisch,,,"Hernalser Hauptstraße 45, 1170 Wien, Österreich",85
Schlecht,David Huber, Österreichisch,,,"Birkenweg 12, 83395 Freilassing, Deutschland",85
Schlecht,Michael Wagner, Österreichisch,,,"Strubergasse 10, 5020 Salzburg, Österreich",85
Schlecht,Michael Wagner, Österreichisch,,,"Mühlengasse 31, 5121 Ostermiething, Österreich",85
Schlecht,Michael Wagner, Österreichisch,,,"Hernalser Hauptstraße 45, 1170 Wien, Österreich",85
Schlecht,Michael Wagner, Österreichisch,,,"Birkenweg 12, 83395 Freilassing, Deutschland",85
Schlecht,Anna Gruber, Österreichisch,,,"Strubergasse 10, 5020 Salzburg, Österreich",85
Schlecht,Anna Gruber, Österreichisch,,,"Mühlengasse 31, 5121 Ostermiething, Österreich",85
Schlecht,Anna Gruber, Österreichisch,,,"Hernalser Hauptstraße 45, 1170 Wien, Österreich",85
Schlecht,Anna Gruber, Österreichisch,,,"Birkenweg 12, 83395 Freilassing, Deutschland",85
Schlecht,Julia Huber, Österreichisch,,,"Strubergasse 10, 5020 Salzburg, Österreich",85
Schlecht,Julia Huber, Österreichisch,,,"Mühlengasse 31, 5121 Ostermiething, Österreich",85
Schlecht,Julia Huber, Österreichisch,,,"Hernalser Hauptstraße 45, 1170 Wien, Österreich",85
Schlecht,Julia Huber, Österreichisch,,,"Birkenweg 12, 83395 Freilassing, Deutschland",85
Schlecht,Leonie Wagner, Österreichisch,,,"Strubergasse 10, 5020 Salzburg, Österreich",85
Schlecht,Leonie Wagner, Österreichisch,,,"Mühlengasse 31, 5121 Ostermiething, Österreich",85
Schlecht,Leonie Wagner, Österreichisch,,,"Hernalser Hauptstraße 45, 1170 Wien, Österreich",85
Schlecht,Leonie Wagner, Österreichisch,,,"Birkenweg 12, 83395 Freilassing, Deutschland",85
Schlecht,Ivan Horvat, Kroatisch,,,"Strubergasse 10, 5020 Salzburg, Österreich",85
Schlecht,Ivan Horvat, Kroatisch,,,"Mühlengasse 31, 5121 Ostermiething, Österreich",85
Schlecht,Ivan Horvat, Kroatisch,,,"Hernalser Hauptstraße 45, 1170 Wien, Österreich",85
Schlecht,Ivan Horvat, Kroatisch,,,"Birkenweg 12, 83395 Freilassing, Deutschland",85
Schlecht,Luka Kovačević, Kroatisch,,,"Strubergasse 10, 5020 Salzburg, Österreich",85
Schlecht,Luka Kovačević, Kroatisch,,,"Mühlengasse 31, 5121 Ostermiething, Österreich",85
Schlecht,Luka Kovačević, Kroatisch,,,"Hernalser Hauptstraße 45, 1170 Wien, Österreich",85
Schlecht,Luka Kovačević, Kroatisch,,,"Birkenweg 12, 83395 Freilassing, Deutschland",85
Schlecht,Marko Babić, Kroatisch,,,"Strubergasse 10, 5020 Salzburg, Österreich",85
Schlecht,Marko Babić, Kroatisch,,,"Mühlengasse 31, 5121 Ostermiething, Österreich",85
Schlecht,Marko Babić, Kroatisch,,,"Hernalser Hauptstraße 45, 1170 Wien, Österreich",85
Schlecht,Marko Babić, Kroatisch,,,"Birkenweg 12, 83395 Freilassing, Deutschland",85
Schlecht,Ana Horvat, Kroatisch,,,"Strubergasse 10, 5020 Salzburg, Österreich",85
Schlecht,Ana Horvat, Kroatisch,,,"Mühlengasse 31, 5121 Ostermiething, Österreich",85
Schlecht,Ana Horvat, Kroatisch,,,"Hernalser Hauptstraße 45, 1170 Wien, Österreich",85
Schlecht,Ana Horvat, Kroatisch,,,"Birkenweg 12, 83395 Freilassing, Deutschland",85
Schlecht,Lucija Kovačević, Kroatisch,,,"Strubergasse 10, 5020 Salzburg, Österreich",85
Schlecht,Lucija Kovačević, Kroatisch,,,"Mühlengasse 31, 5121 Ostermiething, Österreich",85
Schlecht,Lucija Kovačević, Kroatisch,,,"Hernalser Hauptstraße 45, 1170 Wien, Österreich",85
Schlecht,Lucija Kovačević, Kroatisch,,,"Birkenweg 12, 83395 Freilassing, Deutschland",85
Schlecht,Petra Babić, Kroatisch,,,"Strubergasse 10, 5020 Salzburg, Österreich",85
Schlecht,Petra Babić, Kroatisch,,,"Mühlengasse 31, 5121 Ostermiething, Österreich",85
Schlecht,Petra Babić, Kroatisch,,,"Hernalser Hauptstraße 45, 1170 Wien, Österreich",85
Schlecht,Petra Babić, Kroatisch,,,"Birkenweg 12, 83395 Freilassing, Deutschland",85
Schlecht,Ren Sato, Japanisch,,,"Strubergasse 10, 5020 Salzburg, Österreich",85
Schlecht,Ren Sato, Japanisch,,,"Mühlengasse 31, 5121 Ostermiething, Österreich",85
Schlecht,Ren Sato, Japanisch,,,"Hernalser Hauptstraße 45, 1170 Wien, Österreich",85
Schlecht,Ren Sato, Japanisch,,,"Birkenweg 12, 83395 Freilassing, Deutschland",85
Schlecht,Hiroto Suzuki, Japanisch,,,"Strubergasse 10, 5020 Salzburg, Österreich",85
Schlecht,Hiroto Suzuki, Japanisch,,,"Mühlengasse 31, 5121 Ostermiething, Österreich",85
Schlecht,Hiroto Suzuki, Japanisch,,,"Hernalser Hauptstraße 45, 1170 Wien, Österreich",85
Schlecht,Hiroto Suzuki, Japanisch,,,"Birkenweg 12, 83395 Freilassing, Deutschland",85
Schlecht,Shota Takahashi, Japanisch,,,"Strubergasse 10, 5020 Salzburg, Österreich",85
Schlecht,Shota Takahashi, Japanisch,,,"Mühlengasse 31, 5121 Ostermiething, Österreich",85
Schlecht,Shota Takahashi, Japanisch,,,"Hernalser Hauptstraße 45, 1170 Wien, Österreich",85
Schlecht,Shota Takahashi, Japanisch,,,"Birkenweg 12, 83395 Freilassing, Deutschland",85
Schlecht,Sakura Sato, Japanisch,,,"Strubergasse 10, 5020 Salzburg, Österreich",85
Schlecht,Sakura Sato, Japanisch,,,"Mühlengasse 31, 5121 Ostermiething, Österreich",85
Schlecht,Sakura Sato, Japanisch,,,"Hernalser Hauptstraße 45, 1170 Wien, Österreich",85
Schlecht,Sakura Sato, Japanisch,,,"Birkenweg 12, 83395 Freilassing, Deutschland",85
Schlecht,Misaki Suzuki, Japanisch,,,"Strubergasse 10, 5020 Salzburg, Österreich",85
Schlecht,Misaki Suzuki, Japanisch,,,"Mühlengasse 31, 5121 Ostermiething, Österreich",85
Schlecht,Misaki Suzuki, Japanisch,,,"Hernalser Hauptstraße 45, 1170 Wien, Österreich",85
Schlecht,Misaki Suzuki, Japanisch,,,"Birkenweg 12, 83395 Freilassing, Deutschland",85
Schlecht,Hina Takahashi, Japanisch,,,"Strubergasse 10, 5020 Salzburg, Österreich",85
Schlecht,Hina Takahashi, Japanisch,,,"Mühlengasse 31, 5121 Ostermiething, Österreich",85
Schlecht,Hina Takahashi, Japanisch,,,"Hernalser Hauptstraße 45, 1170 Wien, Österreich",85
Schlecht,Hina Takahashi, Japanisch,,,"Birkenweg 12, 83395 Freilassing, Deutschland",85
